key,en,ja
site.name,Swing Dance Kobe,スウィングダンス神戸
nav.welcome,Welcome,ようこそ
nav.events,Events,イベント
nav.portfolio,On the Dance Floor,ダンスフロアから
nav.learn,Where to Learn,ダンスを習う
nav.links,Swing Connections,スウィングの輪
nav.contact,About Us,私たちについて
common.city,KOBE · JAPAN,神戸 · 日本
common.since,A little rhythm. A lot of joy.,リズムに乗って、笑顔いっぱい。
common.explore,Find your next dance,次のダンスを見つけよう
common.learn,Take your first steps,はじめの一歩
common.back,Back to welcome,トップへ戻る
common.footer,Good music. Good company. See you on the floor.,いい音楽と、いい仲間。ダンスフロアで会いましょう。
welcome.eyebrow,LET’S SWING IN KOBE,神戸でスウィングしよう
welcome.title,Find your rhythm.,あなたのリズムで。
welcome.accent,Meet your people.,仲間と出会おう。
welcome.intro,A home for swing dancing in Kobe. Discover the music and movement of Lindy Hop — and the people who keep it swinging.,神戸のスウィングダンスへようこそ。リンディホップの音楽と踊り、そしてその楽しさを分かち合う仲間に出会いましょう。
welcome.note,New to swing? You’re in the right place.,初めての方も、ようこそ。
welcome.storyTitle,Old-school rhythm. Open-hearted spirit.,懐かしいリズム。オープンな心。
welcome.story,Rooted in the Black communities of Harlem and the swing music of the 1930s and ’40s — Lindy Hop is a conversation between music and movement. Come with curiosity and find your own way to swing.,ハーレムの黒人コミュニティで生まれ、1930〜40年代のスウィング音楽とともに育ったリンディホップ。音楽と体の動きで交わす会話を、あなたらしく楽しんでみませんか。
welcome.eventsText,Social dances and moments worth making room for.,予定に入れたくなるソーシャルダンスやイベント。
welcome.learnText,A friendly place to begin your swing journey.,スウィングダンスの第一歩を踏み出そう。
welcome.portfolioText,A glimpse of the people and the dance floor.,仲間とダンスフロアの風景をお届けします。
events.eyebrow,MAKE A DATE WITH THE MUSIC,音楽と待ち合わせ
events.title,Let’s get together.,一緒に踊ろう。
events.intro,Find upcoming social dances and swing gatherings in Kobe.,神戸のソーシャルダンスやスウィングイベントをご紹介します。
events.emptyTitle,The next dance is taking shape.,次のダンスを準備中です。
events.empty,There are no confirmed events listed yet. Dates and venue details will appear here once announced.,現在、掲載中の開催確定イベントはありません。日程と会場が決まり次第、こちらでお知らせします。
portfolio.eyebrow,ON THE DANCE FLOOR,ダンスフロアから
portfolio.title,Some moments just swing.,心がスウィングする瞬間。
portfolio.intro,Our dance-floor scrapbook — shared rhythms and memories from Kobe.,神戸で分かち合うリズムと思い出を集めた、ダンスフロアのアルバム。
portfolio.emptyTitle,An album waiting for its first dance.,最初の思い出を待つアルバム。
portfolio.empty,Photos and stories from our gatherings will appear here.,集まりの写真やエピソードを、これからこちらに掲載していきます。
learn.eyebrow,EVERY DANCER STARTS SOMEWHERE,誰もが最初は初心者
learn.title,"Come For The Music. Stay For The Dancing.","音楽に誘われて、ダンスを楽しもう。"
learn.intro,"There’s more than one way to find your feet in Kobe’s swing community. Join us to learn, share a few steps and enjoy the music together.","神戸のスウィング仲間と、音楽に合わせて一歩を踏み出してみませんか。一緒に学び、ステップを教え合いながら、踊る楽しさを見つけましょう。"
learn.firstTitle,"Special Workshops","特別ワークショップ"
learn.first,"We don’t currently offer regular lessons in Kobe, but we host occasional workshops when visiting teachers are in town. It’s a lovely chance to discover something new and grow your dancing.","現在、神戸で定期レッスンは行っていませんが、ゲスト講師が来られる際には不定期でワークショップを開催しています。新しい発見や、ダンスの楽しみを広げる機会にぜひご参加ください。"
learn.secondTitle,"Fridays In The Park","金曜日は公園で"
learn.second,"We usually meet in the park on Friday evenings to learn from one another and dance together. Come along, meet the community and share a little swing under the stars.","普段は金曜日の夜に公園に集まり、お互いに教え合いながら一緒に踊っています。仲間と出会い、星空の下でスウィングを楽しみましょう。"
learn.thirdTitle,Listen for the swing,スウィングを聴こう
learn.third,Try listening to Count Basie or Ella Fitzgerald. Notice the pulse and let your feet find it.,カウント・ベイシーやエラ・フィッツジェラルドを聴いてみましょう。音楽のビートを感じて、足でリズムを取ってみてください。
learn.directoryTitle,Local classes,近くのクラス
learn.directory,Confirmed school and class recommendations will be added here. Please check each school’s own information before attending.,確認済みのスクールやクラスを順次ご紹介します。参加前に、各スクールの最新情報をご確認ください。
links.eyebrow,FOLLOW THE RHYTHM,リズムのその先へ
links.title,"The World Of Lindy Hop, the Swing Dance we love",私たちが愛するスウィングダンス、リンディホップの世界
links.intro,Keep learning beyond the dance floor — through history and music and the wider dance community.,歴史や音楽、そしてダンスコミュニティを通して。フロアの外でも学びを深めましょう。
links.historyTitle,Roots & stories,ルーツと物語
links.history,Discover the people and history behind Lindy Hop.,リンディホップを育んだ人々と、その歴史に触れよう。
links.schoolsTitle,Schools & communities,スクールとコミュニティ
links.schools,Our directory of other dance schools and communities is being put together. Check back for recommendations.,ダンススクールやコミュニティのリンク集を準備中です。おすすめ情報を順次掲載します。
contact.eyebrow,DROP US A LINE,お気軽にどうぞ
contact.title,It starts with hello.,「こんにちは」から。
contact.intro,Questions about swing in Kobe? We’d love to help you find your feet.,神戸のスウィングダンスについて知りたいことはありますか？はじめの一歩をお手伝いします。
contact.pendingTitle,Contact details coming soon,連絡先は近日公開
contact.pending,Our contact channel will be listed here as soon as it’s ready.,お問い合わせ先は、準備ができ次第こちらに掲載します。
contact.emailLabel,Send us an email,メールで問い合わせる
art.alt,Vintage-style illustration of a couple swing dancing,スウィングダンスを踊る二人のヴィンテージ風イラスト

common.harbour,Japan Swings,日本がスウィング
common.harbourNote,"It Don't Mean A Thing, If It Ain't Got That Swing",スウィングしなけりゃ意味がない
welcome.introductionOne,"Swing Dance Kobe is all about spreading the fun of Swing Dancing, in the Kobe area here in Japan. We act in the spirit of Frankie Manning to make this dance available to as many people as possible. Why, because it brings so much fun in your life! Be part of our community.",Swing Dance Kobeは、ここ日本の神戸エリアでスウィングダンスの楽しさを広めることを大切にしています。フランキー・マニングの精神を受け継ぎ、一人でも多くの人にこのダンスを楽しんでもらえるよう活動しています。なぜかって？人生がとても楽しくなるからです！ぜひ私たちのコミュニティに加わってください。
welcome.introductionTwo,"We organise social events, participate in festivals and also provide dance lessons. We all help each other out. We embrace the craziness of swing. We encourage people to be different. Dancing makes us happy, this is scientifically proven",私たちはソーシャルイベントの開催やフェスティバルへの参加、ダンスレッスンの提供を行っています。みんなで助け合い、スウィングの自由でちょっとクレイジーな楽しさを大切にしています。一人ひとりが自分らしくいることを応援しています。ダンスは私たちを幸せにしてくれます。それは科学的にも証明されています！
welcome.lindyTitle,What is Lindy Hop,リンディホップとは？
welcome.lindyText,"Lindy Hop is a joyful partner swing dance born in Harlem’s Black communities in the late 1920s and made popular during the swing era. Danced to swinging jazz, it combines rhythmic footwork, playful improvisation and a connection between partners. You don’t need the spectacular acrobatics seen in old films — just a few basic steps, a little curiosity and a love of music to start enjoying the dance.",リンディホップは、1920年代後半にハーレムの黒人コミュニティで生まれ、スウィング時代に広まった、喜びあふれるパートナーダンスです。スウィングするジャズに合わせて、リズミカルなステップや自由なアドリブ、パートナーとのつながりを楽しみます。昔の映画のような華やかなアクロバットは必要ありません。いくつかの基本ステップと、少しの好奇心、音楽を楽しむ気持ちがあれば始められます。
welcome.lindyLink,Check out our links page for more info.,詳しくは「スウィングの輪」のページをご覧ください。
welcome.videosLabel,Lindy Hop videos,リンディホップの動画
welcome.videoOrigins,How it all started,すべての始まり
welcome.videoMovies,In the movies,映画の中のリンディホップ
welcome.videoSocial,My favorite social video,お気に入りのソーシャルダンス動画
welcome.watchYouTube,Watch on YouTube,YouTubeで見る

common.emailLabel,Email Swing Dance Kobe,Swing Dance Kobeにメールする
festival.title,"Kobe Jazz Street 2026","神戸ジャズストリート2026"
festival.dates,10 & 11 October 2026,2026年10月10日・11日
festival.eyebrow,A BIG YEAR FOR SWING DANCE KOBE,Swing Dance Kobeにとって大切な年
festival.call,Help us fill the dance floor.,一緒にダンスフロアを盛り上げよう。
festival.intro,"For the first time, Kobe Jazz Street Festival is giving us a dedicated venue for dancers. Let’s show that music and dance belong together! Bring your friends — dancers and non-dancers alike — and help make this an unforgettable year for Swing Dance Kobe.",今年初めて、神戸ジャズストリートにダンサーのための専用会場が設けられます。音楽とダンスは一緒に楽しむものだと、みんなで伝えましょう！踊る方も踊らない方も、ぜひ友達を誘ってご参加ください。Swing Dance Kobeにとって忘れられない一年にしましょう。
festival.lessonsTitle,Free mini dance lessons,無料ミニダンスレッスン
festival.lessons,Roger (Switzerland) & Lucy (Japan) will teach free mini lessons during every band break. A perfect chance for beginners to try swing dancing.,各バンドの演奏の合間に、Roger（スイス）＆Lucy（日本）が無料ミニレッスンを行います。スウィングダンスが初めての方も、気軽に体験できます。
festival.official,Official festival website,フェスティバル公式サイト
festival.tickets,Tickets,チケット
festival.presale,Advance tickets · before 7 October,前売券 · 10月7日より前に
festival.discount,Contact Swing Dance Kobe about dancer discount tickets.,ダンサー割引チケットについてはSwing Dance Kobeへお問い合わせください。
festival.pass,Pass,券種
festival.advance,Advance,前売
festival.door,On the day,当日
festival.one,One day,1日券
festival.two,Two days,両日券
festival.value,Best value,おすすめ
festival.sales,On-the-day tickets are sold at Sankita Plaza and the main office.,当日券はサンキタ広場と本部で販売されます。
festival.agenda,Dancers’ agenda,ダンサーズ・スケジュール
festival.zone,All dates are in October 2026. All times are Japan Standard Time (JST).,日程はすべて2026年10月、時刻は日本時間（JST）です。
festival.date,Date,日付
festival.time,Time,時間
festival.event,Event,イベント
festival.venue,Venue,会場
festival.map,View map,地図を見る
festival.oct3,Saturday · 3 October,10月3日（土）
festival.oct9,Friday · 9 October,10月9日（金）
festival.oct10,Saturday · 10 October,10月10日（土）
festival.oct11,Sunday · 11 October,10月11日（日）
festival.warmup,"Autumn Swing Jazz Night","Autumn Swing Jazz Night"
festival.warmupText,"Live music with Metro Band and free dance lessons with Roger (Switzerland) & Lucy (Japan).","Metro Bandの生演奏と、Roger（スイス）＆Lucy（日本）による無料ダンスレッスン。"
festival.park,Lindy in the Park,Lindy in the Park
festival.parkText,Parade dance practice and social dancing under the stars.,パレードのダンス練習と、星空の下でのソーシャルダンス。
festival.parade,Traditional Street Parade,恒例のストリートパレード
festival.paradeText,Sailor theme for the dancers — come dressed for the occasion!,ダンサーのテーマはセーラー！テーマに合わせた服装で参加しましょう。
festival.platz,Sannomiya Platz,三宮プラッツ
festival.garden,Higashi-Yuenchi,東遊園地
festival.station,Mountain side of Hankyu Kobe Sannomiya Station,阪急神戸三宮駅の山側
festival.nosta,Kitano Nosta,神戸北野ノスタ
festival.live,Social Dance Floor with Live Bands and Dance Lessons,生演奏とダンスレッスンを楽しむソーシャルダンスフロア
festival.liveText,Free mini dance lessons with Roger (Switzerland) & Lucy (Japan) during every band break.,各演奏の合間のRoger（スイス）＆Lucy（日本）による無料ミニダンスレッスン。
festival.bands,Band timetables,バンド・タイムテーブル
festival.performer,Band / musicians,バンド・出演者
festival.sat1,Sayaka & fellow musician,Sayaka & fellow musician
festival.soul,"Soul i Jazz  Band","Soul i Jazz  Band"
festival.sat3,"Eiji Hanaoka Family & Kenji Goshima","Eiji Hanaoka Family & Kenji Goshima"
festival.clap,Clap Stomp Swingin’,Clap Stomp Swingin’
festival.sat5,"Yuko Mita, Takeshi Goto, and Ken Kawase trio","Yuko Mita, Takeshi Goto, and Ken Kawase trio"
festival.sun1,"Yuko Mita, Kenji Goshima, Sei Nakayama, Takeshi Goto & Ken Kawase Trio","Yuko Mita, Kenji Goshima, Sei Nakayama, Takeshi Goto & Ken Kawase Trio"
festival.sun5,"Eiji Hanaoka Septet","Eiji Hanaoka Septet"
festival.updates,Stay in the loop,最新情報をチェック
festival.updatesText,"Check the latest updates on social media.","最新情報はソーシャルメディアでチェック。"
festival.oct2,Friday · 2 October,10月2日（金）
festival.buy,Buy tickets here,チケットの購入はこちら
festival.parkSocialText,Social dancing under the stars.,星空の下でのソーシャルダンス。

about.eyebrow,THE PEOPLE BEHIND THE DANCE,ダンスを支える仲間たち
about.title,About Us,私たちについて
about.intro,"Swing Dance Kobe is an inclusive community brought together by a love of Lindy Hop, the swing dance that flourished in the 1930s. We’re a small team of volunteers who organise events throughout the year, bringing venues, bands and dancers together to share good music, good company and the joy of dancing.",Swing Dance Kobeは、1930年代に広まったスウィングダンス「リンディホップ」への情熱でつながる、誰もが歓迎されるコミュニティです。少人数のボランティアチームで年間を通じてイベントを企画し、会場・バンド・ダンサーをつないでいます。いい音楽と仲間、そして踊る喜びを一緒に楽しみましょう。
about.questions,Any questions? Just ask us.,ご質問はお気軽にどうぞ。
about.team,The core organisers of Swing Dance Kobe,Swing Dance Kobeの中心メンバー
about.natsukiRole,Venues & bands,会場・バンドとの連携
about.natsuki,"Natsuki brings people together. She connects venues with bands and helps create the partnerships that make our events possible.",Natsukiは人と人をつなぐ存在です。会場とバンドを結び、イベントの実現を支える協力関係を築いています。
about.lucyRole,Lessons & workshops,レッスン・ワークショップ
about.lucy,"Lucy (Japan) looks after our dance lessons. She teaches alongside Roger in workshops and also leads her own lessons at events, sharing the fun of swing dancing with our community.",Lucy（日本）はダンスレッスンを担当しています。ワークショップではRogerと一緒に教えるほか、イベントでは自身のレッスンも行い、スウィングダンスの楽しさをみんなに伝えています。
about.rogerRole,Workshops · events · DJ · website,ワークショップ・イベント・DJ・ウェブサイト
about.roger,"Roger is Swiss and based in Australia, but Kobe is a regular stop on his travels. He has been dancing Lindy Hop since 1995 and shares that experience through workshops here. He also helps organise events, plays swing tunes as a DJ, and built and maintains this website.",スイス出身でオーストラリア在住のRogerは、神戸をたびたび訪れています。1995年からリンディホップを踊り続け、その経験を神戸でのワークショップを通じて伝えています。イベントの運営を手伝い、DJとしてスウィング音楽を届けるほか、このウェブサイトの制作・管理も担当しています。
links.rootsTitle,Discover Lindy Hop,リンディホップを知る
links.japanTitle,Swing around Japan,日本のスウィングコミュニティ
links.moviesTitle,Recommended movies to watch,おすすめの映画
links.website,Website,ウェブサイト
links.filmDetails,Film details on IMDb,IMDbで作品情報を見る

links.community,Community,コミュニティ
links.city,City,都市
links.destinations,Links,リンク
links.year,Year,公開年
links.film,Film,作品名
links.savoyPhoto,Crowd outside the Savoy Ballroom,サヴォイ・ボールルームの前に集まる人々
links.frankiePhoto,Frankie Manning performing an aerial dance move with a partner,パートナーとエアリアルを披露するフランキー・マニング
portfolio.videoIntro,The latest videos from our parties and lessons and the wider Kobe swing community. Videos and playlist sections are ordered newest first.,パーティーやレッスン、神戸のスウィングコミュニティの最新動画をご紹介します。動画もプレイリストのセクションも、新しい順に並んでいます。
portfolio.allVideos,View Full Playlist,プレイリストをすべて見る
portfolio.stale,Showing saved videos. Visit the full playlists for the latest updates.,保存済みの動画を表示しています。最新情報は各プレイリストをご覧ください。
portfolio.unavailable,Videos are temporarily unavailable. Visit our YouTube channel using the icon above.,現在、動画を読み込めません。上のYouTubeアイコンからチャンネルをご覧ください。
portfolio.embedUnavailable,This video cannot play here. Try watching it on YouTube.,この動画はここでは再生できません。YouTubeでご覧ください。

portfolio.featured,Latest From Our Channel,チャンネルの最新動画

festival.satOpening,"Sayaka, Kenji Goshima & fellow musician","Sayaka, Kenji Goshima & fellow musician"

learn.stayConnected,"Let’s Get You Dancing","一緒に踊りましょう"
learn.contactNote,"Check Facebook and Instagram for upcoming events and the latest Friday gathering details, or email us to ask about the next workshop or lesson.","今後のイベントや金曜日の集まりの最新情報はFacebookとInstagramでご確認ください。次回のワークショップやレッスンについては、メールでもお気軽にお問い合わせください。"

festival.scheduleNote,"These are the bands playing for us dancers at our dedicated swing dance venue. For the full festival programme, visit the organisers’ timetable.","ここでは、私たちの専用スウィングダンス会場でダンサーのために演奏するバンドをご紹介しています。フェスティバル全体のスケジュールは、主催者のタイムテーブルをご覧ください。"
festival.fullSchedule,View The Full Festival Schedule,フェスティバル全体のタイムテーブルを見る
